{
  "hash": "66d922f2",
  "configHash": "6ac6fc62",
  "lockfileHash": "fa2207f6",
  "browserHash": "fe115047",
  "optimized": {
    "@angular/common": {
      "src": "../../../../../../node_modules/@angular/common/fesm2022/common.mjs",
      "file": "@angular_common.js",
      "fileHash": "262e462e",
      "needsInterop": false
    },
    "@angular/common/http": {
      "src": "../../../../../../node_modules/@angular/common/fesm2022/http.mjs",
      "file": "@angular_common_http.js",
      "fileHash": "a0d22c16",
      "needsInterop": false
    },
    "@angular/core": {
      "src": "../../../../../../node_modules/@angular/core/fesm2022/core.mjs",
      "file": "@angular_core.js",
      "fileHash": "36bfc4cf",
      "needsInterop": false
    },
    "@angular/forms": {
      "src": "../../../../../../node_modules/@angular/forms/fesm2022/forms.mjs",
      "file": "@angular_forms.js",
      "fileHash": "9c6e0912",
      "needsInterop": false
    },
    "@angular/platform-browser": {
      "src": "../../../../../../node_modules/@angular/platform-browser/fesm2022/platform-browser.mjs",
      "file": "@angular_platform-browser.js",
      "fileHash": "a11221a2",
      "needsInterop": false
    },
    "@angular/router": {
      "src": "../../../../../../node_modules/@angular/router/fesm2022/router.mjs",
      "file": "@angular_router.js",
      "fileHash": "a836be98",
      "needsInterop": false
    },
    "ng-otp-input": {
      "src": "../../../../../../node_modules/ng-otp-input/fesm2022/ng-otp-input.mjs",
      "file": "ng-otp-input.js",
      "fileHash": "70cde6c1",
      "needsInterop": false
    },
    "rxjs": {
      "src": "../../../../../../node_modules/rxjs/dist/esm5/index.js",
      "file": "rxjs.js",
      "fileHash": "2cb5d527",
      "needsInterop": false
    }
  },
  "chunks": {
    "chunk-P3TCIDWY": {
      "file": "chunk-P3TCIDWY.js"
    },
    "chunk-DKVMHYSX": {
      "file": "chunk-DKVMHYSX.js"
    },
    "chunk-RIWJD4PV": {
      "file": "chunk-RIWJD4PV.js"
    },
    "chunk-ULZJVJMP": {
      "file": "chunk-ULZJVJMP.js"
    },
    "chunk-CSPLI7JI": {
      "file": "chunk-CSPLI7JI.js"
    },
    "chunk-Q2NWTGX5": {
      "file": "chunk-Q2NWTGX5.js"
    },
    "chunk-PJVWDKLX": {
      "file": "chunk-PJVWDKLX.js"
    }
  }
}